Question,Answer
Can you explain the company's paid time off policy?,"The company's paid time off policy provides employees with a certain number of days off each year for vacation, sick leave, and personal time."
What do I do if I need to take a leave of absence?,"If you need to take a leave of absence, you should speak to your supervisor and HR representative to discuss your options and any necessary paperwork."
How do I file a complaint about workplace harassment?,"To file a complaint about workplace harassment, you should follow the company's policies and procedures outlined in the employee handbook and speak to an HR representative."
What is the company's policy on remote work?,"The company's policy on remote work varies depending on the department and job function, so you should speak to your supervisor and HR representative to determine if it is an option for you."
Can you explain the company's retirement plan?,"The company's retirement plan provides employees with options for saving for retirement, such as a 401(k) or pension plan. You should speak to an HR representative to learn more."
What is the company's policy on overtime pay?,"The company's policy on overtime pay is governed by state and federal labor laws, so you should speak to your supervisor and HR representative to understand your options."
How do I report a workplace injury?,"To report a workplace injury, you should speak to your supervisor and HR representative immediately and follow the company's policies and procedures."
What is the process for requesting time off?,"The process for requesting time off varies by department, so you should speak to your supervisor and HR representative to understand the policies and procedures."
How do I update my personal information with the company?,"To update your personal information with the company, you should speak to your HR representative and provide any necessary documentation."
What is the company's policy on sick leave?,The company's policy on sick leave provides employees with a certain number of days off each year for illness or medical appointments.
How do I request a copy of my employment contract?,"To request a copy of your employment contract, you should speak to your HR representative and provide your request in writing."
What is the process for performance evaluations?,"The process for performance evaluations varies by department, but typically involves setting goals, receiving feedback, and discussing your performance with your supervisor."
What is the company's policy on dress code?,"The company's policy on dress code varies by department, so you should speak to your supervisor and HR representative to understand the guidelines."
How do I update my direct deposit information?,"To update your direct deposit information, you should speak to your HR representative and provide the necessary documentation."
What is the process for submitting expenses?,"The process for submitting expenses varies by department, but typically involves keeping track of your expenses and submitting receipts and documentation to your supervisor or HR representative."
Can you explain the company's tuition reimbursement program?,"The company's tuition reimbursement program provides employees with financial assistance for continuing education, so you should speak to your HR representative to learn more."
What is the company's policy on workplace safety?,"The company's policy on workplace safety is governed by state and federal regulations, so you should speak to your supervisor and HR representative to understand the guidelines and procedures."
How do I request a reference letter?,"To request a reference letter, you should speak to your supervisor or HR representative and provide them with the necessary"
How can I access my pay stubs?,"To access your pay stubs, you can usually do so through the company's online portal or by requesting a paper copy from your HR representative."
Can you explain the company's policy on bereavement leave?,The company's policy on bereavement leave provides employees with a certain number of days off to attend a funeral or grieve the loss of a loved one.
What is the process for requesting a raise?,"The process for requesting a raise varies by department, so you should speak to your supervisor and HR representative to understand the policies and procedures."
How do I enroll in the company's employee assistance program?,"To enroll in the company's employee assistance program, you should speak to your HR representative and fill out any necessary paperwork."
Can you explain the company's policy on non-discrimination and equal opportunity?,"The company's policy on non-discrimination and equal opportunity prohibits discrimination on the basis of race, gender, sexual orientation, and other protected characteristics, and provides employees with resources for reporting any incidents of discrimination."
How do I report a conflict of interest?,"To report a conflict of interest, you should speak to your supervisor and HR representative and follow the company's policies and procedures."
What is the company's policy on work from home expenses?,"The company's policy on work from home expenses varies depending on the department and job function, so you should speak to your supervisor and HR representative to determine if you are eligible for reimbursement."
Can you explain the company's policy on overtime hours?,"The company's policy on overtime hours is governed by state and federal labor laws, so you should speak to your supervisor and HR representative to understand your options."
How do I request a transfer to a different department?,"To request a transfer to a different department, you should speak to your supervisor and HR representative to discuss your options and any necessary paperwork."
What is the company's policy on drug and alcohol testing?,"The company's policy on drug and alcohol testing is governed by state and federal regulations, so you should speak to your HR representative to understand the guidelines and procedures."
How do I request a leave of absence for a medical condition?,"To request a leave of absence for a medical condition, you should speak to your supervisor and HR representative and provide any necessary documentation."
Can you explain the company's policy on severance pay?,"The company's policy on severance pay provides employees with financial compensation if they are laid off or terminated, so you should speak to your HR representative to understand the guidelines and procedures."
How do I request a work schedule change?,"To request a work schedule change, you should speak to your supervisor and HR representative to discuss your options and any necessary paperwork."
What is the company's policy on workplace accommodations for disabilities?,The company's policy on workplace accommodations for disabilities provides employees with resources for requesting accommodations and complying with the Americans with Disabilities Act (ADA).
How do I request a transfer to a different office location?,"To request a transfer to a different office location, you should speak to your supervisor and HR representative to discuss your options and any necessary paperwork."
What is the company's policy on performance improvement plans?,"The company's policy on performance improvement plans outlines the steps an employee must take to improve their performance and avoid termination, so you should speak to your supervisor and HR representative to understand the policies and procedures."
How do I request a change in my employment status (e.g. part-time to full-time)?,"To request a change in your employment status, you should speak to your supervisor and HR representative to discuss your options"
Can you explain the company's policy on time off for voting?,"To comply with state and federal laws, the company provides employees with time off to vote in certain circumstances. You should speak to your supervisor and HR representative to understand the policies and procedures."
How do I enroll in the company's 401(k) plan?,"To enroll in the company's 401(k) plan, you should speak to your HR representative and fill out any necessary paperwork."
Can you explain the company's policy on tuition reimbursement?,The company's policy on tuition reimbursement provides employees with financial assistance for educational courses or degrees related to their job. You should speak to your HR representative to understand the guidelines and procedures.
How do I request a change in my work schedule to accommodate childcare needs?,"To request a change in your work schedule to accommodate childcare needs, you should speak to your supervisor and HR representative to discuss your options and any necessary paperwork."
What is the company's policy on maternity/paternity leave?,The company's policy on maternity/paternity leave provides eligible employees with time off for the birth or adoption of a child. You should speak to your HR representative to understand the policies and procedures.
Can you explain the company's policy on performance evaluations?,The company's policy on performance evaluations outlines the process for assessing employee performance and providing feedback. You should speak to your supervisor and HR representative to understand the policies and procedures.
How do I request a change in my job title or position?,"To request a change in your job title or position, you should speak to your supervisor and HR representative to discuss your options and any necessary paperwork."
What is the company's policy on professional development opportunities?,The company's policy on professional development opportunities provides employees with resources for enhancing their skills and knowledge related to their job. You should speak to your HR representative to understand the guidelines and procedures.
How do I request a leave of absence for personal reasons?,"To request a leave of absence for personal reasons, you should speak to your supervisor and HR representative to discuss your options and any necessary paperwork."
Can you explain the company's policy on workplace safety?,The company's policy on workplace safety provides employees with guidelines and procedures for ensuring a safe work environment. You should speak to your HR representative to understand the policies and procedures.
How do I report a workplace injury?,"To report a workplace injury, you should speak to your supervisor and HR representative and follow the company's policies and procedures."
What is the company's policy on confidentiality and privacy?,The company's policy on confidentiality and privacy outlines the steps employees must take to protect sensitive information. You should speak to your HR representative to understand the policies and procedures.
How do I request a change in my work hours?,"To request a change in your work hours, you should speak to your supervisor and HR representative to discuss your options and any necessary paperwork."
Can you explain the company's policy on overtime pay?,The company's policy on overtime pay provides employees with additional compensation for working more than their regular hours. You should speak to your HR representative to understand the guidelines and procedures.
How do I request a change in my work location?,"To request a change in your work location, you should speak to your supervisor and HR representative to discuss your options and any necessary paperwork."
What is the company's policy on dress code?,The company's policy on dress code outlines the expectations for employees' attire in the workplace. You should speak to your HR representative to understand the policies and procedures.
What is the company's policy on paid time off?,"The company provides employees with paid time off for vacations, sick leave, and personal days. You should speak to your HR representative to understand the policies and procedures."
How do I request a change in my work location?,"To request a change in your work location, you should speak to your supervisor and HR representative to discuss your options and any necessary paperwork."
What is the company's policy on dress code?,The company's policy on dress code outlines the expectations for employees' attire in the workplace. You should speak to your HR representative to understand the policies and procedures.
What is the company's policy on paid time off?,"The company provides employees with paid time off for vacations, sick leave, and personal days. You should speak to your HR representative to understand the policies and procedures."
Can you explain the company's policy on bereavement leave?,The company's policy on bereavement leave provides employees with time off for the death of a family member. You should speak to your HR representative to understand the guidelines and procedures.
How do I request a change in my work schedule for religious observances?,"To request a change in your work schedule for religious observances, you should speak to your supervisor and HR representative to discuss your options and any necessary paperwork."
What is the company's policy on social media use?,The company's policy on social media use outlines the expectations for employees' behavior on social media related to their job. You should speak to your HR representative to understand the policies and procedures.
Can you explain the company's policy on drug and alcohol use?,The company's policy on drug and alcohol use outlines the expectations for employees' behavior related to drug and alcohol use in the workplace. You should speak to your HR representative to understand the policies and procedures.
How do I report an incident of harassment or discrimination?,"To report an incident of harassment or discrimination, you should speak to your supervisor or HR representative and follow the company's policies and procedures."
What is the company's policy on employee benefits?,"The company's policy on employee benefits provides employees with information about the benefits available to them, including health insurance, retirement plans, and more. You should speak to your HR representative to understand the policies and procedures."
How do I request a transfer to a different department or location?,"To request a transfer to a different department or location, you should speak to your supervisor and HR representative to discuss your options and any necessary paperwork."
What is the company's policy on overtime hours?,The company's policy on overtime hours outlines the expectations for employees' work hours beyond their regular schedule. You should speak to your HR representative to understand the policies and procedures.
Can you explain the company's policy on FMLA leave?,The company's policy on FMLA leave provides eligible employees with time off for specific medical or family reasons. You should speak to your HR representative to understand the guidelines and procedures.
How do I request a leave of absence for military service?,"To request a leave of absence for military service, you should speak to your supervisor and HR representative to discuss your options and any necessary paperwork."
What is the company's policy on performance improvement plans?,The company's policy on performance improvement plans outlines the steps an employee can take to improve their job performance. You should speak to your supervisor and HR representative to understand the policies and procedures.
Can you explain the company's policy on severance pay?,The company's policy on severance pay provides employees with additional compensation when their employment ends. You should speak to your HR representative to understand the guidelines and procedures.
How do I request a change in my work location for family reasons?,"To request a change in your work location for family reasons, you should speak to your supervisor and HR representative to discuss your options and any necessary paperwork."
What is the company's policy on work-from-home arrangements?,The company's policy on work-from-home arrangements outlines the guidelines and procedures for employees who work from home. You should speak to your HR representative to understand the policies and procedures.
How do I request a change in my work location for health reasons?,"To request a change in your work location for health reasons, you need to contact your supervisor and provide authentic prescriptions and test reports."
Can you explain the company's policy on tuition reimbursement?,The company's policy on tuition reimbursement provides employees with financial assistance for continuing education. You should speak to your HR representative to understand the guidelines and procedures.
How do I request a change in my work schedule for medical reasons?,"To request a change in your work schedule for medical reasons, you should speak to your supervisor and HR representative to discuss your options and any necessary paperwork."
What is the company's policy on dress code?,The company's policy on dress code outlines the expectations for employees' attire in the workplace. You should speak to your HR representative to understand the policies and procedures.
Can you explain the company's policy on performance evaluations?,The company's policy on performance evaluations outlines the process for evaluating an employee's job performance. You should speak to your supervisor and HR representative to understand the policies and procedures.
How do I request a leave of absence for personal reasons?,"To request a leave of absence for personal reasons, you should speak to your supervisor and HR representative to discuss your options and any necessary paperwork."
What is the company's policy on non-compete agreements?,The company's policy on non-compete agreements outlines the expectations for employees who leave the company and go to work for a competitor. You should speak to your HR representative to understand the policies and procedures.
Can you explain the company's policy on bonuses?,The company's policy on bonuses outlines the process for awarding bonuses to employees. You should speak to your HR representative to understand the policies and procedures.
How do I request a change in my work schedule for childcare reasons?,"To request a change in your work schedule for childcare reasons, you should speak to your supervisor and HR representative to discuss your options and any necessary paperwork."
What is the company's policy on vacation time?,The company's policy on vacation time outlines the amount of time employees are allowed to take off for vacations. You should speak to your HR representative to understand the policies and procedures.
Can you explain the company's policy on performance incentives?,The company's policy on performance incentives outlines the process for awarding incentives to employees based on their job performance. You should speak to your HR representative to understand the policies and procedures.
How do I request a change in my work schedule for educational reasons?,"To request a change in your work schedule for educational reasons, you should speak to your supervisor and HR representative to discuss your options and any necessary paperwork."
What is the company's policy on paid parental leave?,The company's policy on paid parental leave provides employees with time off for the birth or adoption of a child. You should speak to your HR representative to understand the policies and procedures.
Can you explain the company's policy on overtime pay?,The company's policy on overtime pay outlines the expectations for employees who work beyond their regular work schedule. You should speak to your HR representative to understand the policies and procedures.
How do I request a change in my work schedule for family reasons?,"To request a change in your work schedule for family reasons, you should speak to your supervisor and HR representative to discuss your options and any necessary paperwork."
What is the company's policy on promotions?,The company's policy on promotions outlines the process for employees to advance in their careers within the company. You should speak to your HR representative to understand the policies and procedures.
Can you explain the company's policy on performance coaching?,The company's policy on performance coaching outlines the process for providing employees with coaching and feedback to improve their job performance. You should speak to your supervisor and HR representative to understand the policies and procedures
How do I report a workplace safety concern?,"To report a workplace safety concern, you should speak to your supervisor or HR representative immediately. The company has procedures in place to address safety issues and will take the appropriate action."
What is the company's policy on bereavement leave?,The company's policy on bereavement leave provides employees with time off to grieve the loss of a family member or loved one. You should speak to your HR representative to understand the policies and procedures.
How do I request a change in my work schedule for religious reasons?,"To request a change in your work schedule for religious reasons, you should speak to your supervisor and HR representative to discuss your options and any necessary paperwork."
What is the company's policy on job transfers?,The company's policy on job transfers outlines the process for employees to transfer to a different job within the company. You should speak to your HR representative to understand the policies and procedures.
Can you explain the company's policy on severance packages?,The company's policy on severance packages outlines the benefits provided to employees who are laid off or terminated. You should speak to your HR representative to understand the policies and procedures.
How do I request a change in my work schedule for disability reasons?,"To request a change in your work schedule for disability reasons, you should speak to your supervisor and HR representative to discuss your options and any necessary paperwork."
What is the company's policy on temporary disability leave?,The company's policy on temporary disability leave provides employees with time off to recover from a temporary disability. You should speak to your HR representative to understand the policies and procedures.
Can you explain the company's policy on employee referrals?,The company's policy on employee referrals outlines the process for employees to refer qualified candidates for job openings within the company. You should speak to your HR representative to understand the policies and procedures.
How do I request a change in my work schedule for military service?,"To request a change in your work schedule for military service, you should speak to your supervisor and HR representative to discuss your options and any necessary paperwork."
What is the company's policy on work from home?,The company's policy on work from home outlines the guidelines and expectations for employees who work remotely. You should speak to your HR representative to understand the policies and procedures.
Can you explain the company's policy on job abandonment?,The company's policy on job abandonment outlines the consequences for employees who abandon their job without notice. You should speak to your HR representative to understand the policies and procedures.
How do I request a change in my work schedule for personal reasons?,"To request a change in your work schedule for personal reasons, you should speak to your supervisor and HR representative to discuss your options and any necessary paperwork."
What is the company's policy on non-discrimination and harassment?,The company's policy on non-discrimination and harassment outlines the expectations for employees to maintain a safe and respectful work environment. You should speak to your HR representative to understand the policies and procedures.
Can you explain the company's policy on employee benefits?,"The company's policy on employee benefits outlines the benefits provided to employees, such as health insurance and retirement plans. You should speak to your HR representative to understand the policies and procedures."
How do I request a change in my work schedule for relocation reasons?,"To request a change in your work schedule for relocation reasons, you should speak to your supervisor and HR representative to discuss your options and any necessary paperwork."
How do I enroll in the company's benefits program?,"To enroll in the company's benefits program, you will need to fill out the necessary forms and provide any required documentation."
Hello,Hi
How are you?,I am fine.
